Country,Alpha-2 code,Alpha-3 code,Numeric code,Latitude ,Longitude ,Zoom,,,,
Afghanistan,AF,AFG,4,33,65,6,,,,
Albania,AL,ALB,8,41,20,6,,,,
Algeria,DZ,DZA,12,28,3,5.99,,,,
American Samoa,AS,ASM,16,-14.3333,-170,8,,,,
Andorra,AD,AND,20,42.5,1.6,8,,,,
Angola,AO,AGO,24,-12.5,18.5,6,,,,
Antigua and Barbuda,AG,ATG,28,17.05,-61.8,8,,,,
Argentina,AR,ARG,32,-34,-64,4.2,,,,
Armenia,AM,ARM,51,40,45,6,,,,
Aruba,AW,ABW,533,12.5,-69.9667,8,,,,
Australia,AU,AUS,36,-27,133,3.72,,,,
Austria,AT,AUT,40,47.3333,13.3333,6,,,,
Azerbaijan,AZ,AZE,31,40.5,47.5,6,,,,
Bahrain,BH,BHR,48,26,50.55,7.5,,,,
Bangladesh,BD,BGD,50,24,90,6,,,,
Barbados,BB,BRB,52,13.1667,-59.5333,8,,,,
Belarus,BY,BLR,112,53,28,6,,,,
Belgium,BE,BEL,56,50.8333,4,6,,,,
Belize,BZ,BLZ,84,17.25,-88.75,6,,,,
Benin,BJ,BEN,204,9.5,2.25,6,,,,
Bermuda,BM,BMU,60,32.3333,-64.75,8,,,,
Bhutan,BT,BTN,64,27.5,90.5,6,,,,
Bolivia,BO,BOL,68,-17,-65,6,,,,
Bosnia and Herzegovina,BA,BIH,70,44,18,6,,,,
Botswana,BW,BWA,72,-22,24,6,,,,
Brazil,BR,BRA,76,-10,-55,3.44,,,,
Brunei Darussalam,BN,BRN,96,4.5,114.6667,7,,,,
Bulgaria,BG,BGR,100,43,25,6,,,,
Burkina Faso,BF,BFA,854,13,-2,6,,,,
Burundi,BI,BDI,108,-3.5,30,6,,,,
Cambodia,KH,KHM,116,13,105,6,,,,
Cameroon,CM,CMR,120,6,12,6,,,,
Canada,CA,CAN,124,60,-95,3.26,,,,
Cayman Islands,KY,CYM,136,19.5,-80.5,8,,,,
Central African Republic,CF,CAF,140,7,21,6,,,,
Chad,TD,TCD,148,15,19,6,,,,
Chile,CL,CHL,152,-30,-71,6,,,,
China,CN,CHN,156,35,105,3,,,,
Colombia,CO,COL,170,4,-72,6,,,,
Comoros,KM,COM,174,-12.1667,44.25,7,,,,
Costa Rica,CR,CRI,188,10,-84,6,,,,
Croatia,HR,HRV,191,45.1667,15.5,6,,,,
Cuba,CU,CUB,192,21.5,-80,6,,,,
Cyprus,CY,CYP,196,35,33,7,,,,
Czech Republic,CZ,CZE,203,49.75,15.5,6,,,,
Denmark,DK,DNK,208,56,10,6,,,,
Djibouti,DJ,DJI,262,11.5,43,6,,,,
Dominica,DM,DMA,212,15.4167,-61.3333,8,,,,
Dominican Republic,DO,DOM,214,19,-70.6667,6,,,,
Ecuador,EC,ECU,218,-2,-77.5,6,,,,
Egypt,EG,EGY,818,27,30,6,,,,
El Salvador,SV,SLV,222,13.8333,-88.9167,6,,,,
Equatorial Guinea,GQ,GNQ,226,2,10,6,,,,
Eritrea,ER,ERI,232,15,39,6,,,,
Estonia,EE,EST,233,59,26,6,,,,
Ethiopia,ET,ETH,231,8,38,6,,,,
Fiji,FJ,FJI,242,-18,175,6,,,,
Finland,FI,FIN,246,64,26,6,,,,
France,FR,FRA,250,46,2,6,,,,
French Polynesia,PF,PYF,258,-15,-140,7,,,,
Gabon,GA,GAB,266,-1,11.75,6,,,,
Gambia,GM,GMB,270,13.4667,-16.5667,7,,,,
Georgia,GE,GEO,268,42,43.5,6,,,,
Germany,DE,DEU,276,51,9,6,,,,
Ghana,GH,GHA,288,8,-2,6,,,,
Greece,GR,GRC,300,39,22,6,,,,
Greenland,GL,GRL,304,72,-40,6,,,,
Grenada,GD,GRD,308,12.1167,-61.6667,8,,,,
Guam,GU,GUM,316,13.4667,144.7833,8,,,,
Guatemala,GT,GTM,320,15.5,-90.25,6,,,,
Guinea,GN,GIN,324,11,-10,6,,,,
Guinea-Bissau,GW,GNB,624,12,-15,6,,,,
Guyana,GY,GUY,328,5,-59,6,,,,
Haiti,HT,HTI,332,19,-72.4167,6,,,,
Honduras,HN,HND,340,15,-86.5,6,,,,
Hungary,HU,HUN,348,47,20,6,,,,
Iceland,IS,ISL,352,65,-18,6,,,,
India,IN,IND,356,20,77,5.73,,,,
Indonesia,ID,IDN,360,-5,120,6.19,,,,
Iran,IR,IRN,364,32,53,6,,,,
Iraq,IQ,IRQ,368,33,44,6,,,,
Ireland,IE,IRL,372,53,-8,6,,,,
Isle of Man,IM,IMN,833,54.23,-4.55,8,,,,
Israel,IL,ISR,376,31.5,34.75,6,,,,
Italy,IT,ITA,380,42.8333,12.8333,6,,,,
Jamaica,JM,JAM,388,18.25,-77.5,7,,,,
Japan,JP,JPN,392,36,138,6,,,,
Jordan,JO,JOR,400,31,36,6,,,,
Kazakhstan,KZ,KAZ,398,48,68,4,,,,
Kenya,KE,KEN,404,1,38,6,,,,
Kiribati,KI,KIR,296,1.4167,173,7.3,,,,
Kuwait,KW,KWT,414,29.3375,47.6581,6,,,,
Kyrgyzstan,KG,KGZ,417,41,75,6,,,,
Laos,LA,LAO,418,18,105,5.5,,,,
Latvia,LV,LVA,428,57,25,6,,,,
Lebanon,LB,LBN,422,33.8333,35.8333,7,,,,
Lesotho,LS,LSO,426,-29.5,28.5,6,,,,
Liberia,LR,LBR,430,6.5,-9.5,6,,,,
Liechtenstein,LI,LIE,438,47.1667,9.5333,8,,,,
Lithuania,LT,LTU,440,56,24,6,,,,
Luxembourg,LU,LUX,442,49.75,6.1667,7,,,,
Madagascar,MG,MDG,450,-20,47,6,,,,
Malawi,MW,MWI,454,-13.5,34,6,,,,
Malaysia,MY,MYS,458,2.5,112.5,6,,,,
Maldives,MV,MDV,462,3.25,73,8,,,,
Mali,ML,MLI,466,17,-4,6,,,,
Malta,MT,MLT,470,35.8333,14.5833,8,,,,
Marshall Islands,MH,MHL,584,9,168,8,,,,
Mauritania,MR,MRT,478,20,-12,6,,,,
Mauritius,MU,MUS,480,-20.2833,57.55,7,,,,
Mexico,MX,MEX,484,23,-102,6.17,,,,
Moldova,MD,MDA,498,47,29,6,,,,
Monaco,MC,MCO,492,43.7333,7.4,8,,,,
Mongolia,MN,MNG,496,46,105,6,,,,
Montenegro,ME,MNE,499,42,19,6,,,,
Morocco,MA,MAR,504,32,-5,6,,,,
Mozambique,MZ,MOZ,508,-18.25,35,6,,,,
Myanmar,MM,MMR,104,22,98,6,,,,
Namibia,NA,NAM,516,-22,17,6,,,,
Nauru,NR,NRU,520,-0.5333,166.9167,8,,,,
Nepal,NP,NPL,524,28,84,6,,,,
Netherlands,NL,NLD,528,52.5,5.75,6,,,,
New Caledonia,NC,NCL,540,-21.5,165.5,6,,,,
New Zealand,NZ,NZL,554,-41,174,6,,,,
Nicaragua,NI,NIC,558,13,-85,6,,,,
Niger,NE,NER,562,16,8,6,,,,
Nigeria,NG,NGA,566,10,8,6,,,,
Northern Mariana Islands,MP,MNP,580,15.2,145.75,8,,,,
Norway,NO,NOR,578,62,10,6,,,,
Oman,OM,OMN,512,21,57,6,,,,
Pakistan,PK,PAK,586,30,70,6,,,,
Palau,PW,PLW,585,7.5,134.5,8,,,,
Panama,PA,PAN,591,9,-80,6,,,,
Papua New Guinea,PG,PNG,598,-6,147,6,,,,
Paraguay,PY,PRY,600,-23,-58,6,,,,
Peru,PE,PER,604,-10,-76,6,,,,
Philippines,PH,PHL,608,13,122,6,,,,
Poland,PL,POL,616,52,20,6,,,,
Portugal,PT,PRT,620,39.5,-8,6,,,,
Qatar,QA,QAT,634,25.5,51.25,7,,,,
Romania,RO,ROU,642,46,25,6,,,,
Russia,RU,RUS,643,60,100,3,,,,
Rwanda,RW,RWA,646,-2,30,6,,,,
Samoa,WS,WSM,882,-13.5833,-172.3333,7,,,,
San Marino,SM,SMR,674,43.7667,12.4167,8,,,,
Sao Tome and Principe,ST,STP,678,1,7,7,,,,
Saudi Arabia,SA,SAU,682,25,45,6.08,,,,
Senegal,SN,SEN,686,14,-14,6,,,,
Serbia,RS,SRB,688,44,21,6,,,,
Seychelles,SC,SYC,690,-4.5833,55.6667,8,,,,
Sierra Leone,SL,SLE,694,8.5,-11.5,6,,,,
Singapore,SG,SGP,702,1.3667,103.8,8,,,,
Slovakia,SK,SVK,703,48.6667,19.5,6,,,,
Slovenia,SI,SVN,705,46,15,6,,,,
Solomon Islands,SB,SLB,90,-8,159,6,,,,
Somalia,SO,SOM,706,10,49,6,,,,
South Africa,ZA,ZAF,710,-29,24,6,,,,
South Korea,KR,KOR,410,37,127.5,6,,,,
South Sudan,SS,SSD,728,8,30,6,,,,
Spain,ES,ESP,724,40,-4,6,,,,
Sri Lanka,LK,LKA,144,7,81,6,,,,
Sudan,SD,SDN,736,15,30,6,,,,
Suriname,SR,SUR,740,4,-56,6,,,,
Sweden,SE,SWE,752,62,15,6,,,,
Switzerland,CH,CHE,756,47,8,6,,,,
Syrian Arab Republic,SY,SYR,760,35,38,6,,,,
Tajikistan,TJ,TJK,762,39,71,6,,,,
Tanzania,TZ,TZA,834,-6,35,6,,,,
Thailand,TH,THA,764,15,100,6,,,,
Timor-Leste,TL,TLS,626,-8.55,125.5167,6,,,,
Togo,TG,TGO,768,8,1.1667,6,,,,
Tonga,TO,TON,776,-20,-175,8,,,,
Trinidad and Tobago,TT,TTO,780,11,-61,7,,,,
Tunisia,TN,TUN,788,34,9,6,,,,
Turkey,TR,TUR,792,39,35,6,,,,
Turkmenistan,TM,TKM,795,40,60,6,,,,
Turks and Caicos Islands,TC,TCA,796,21.75,-71.5833,7,,,,
Tuvalu,TV,TUV,798,-8,178,8,,,,
Uganda,UG,UGA,800,1,32,6,,,,
Ukraine,UA,UKR,804,49,32,6,,,,
United Arab Emirates,AE,ARE,784,24,54,6,,,,
United Kingdom,GB,GBR,826,54,-2,6,,,,
United States,US,USA,840,38,-97,3.1,,,,
Uruguay,UY,URY,858,-33,-56,6,,,,
Uzbekistan,UZ,UZB,860,41,64,6,,,,
Vanuatu,VU,VUT,548,-16,167,6,,,,
Vietnam,VN,VNM,704,16,106,5,,,,
Zambia,ZM,ZMB,894,-15,30,6,,,,
Zimbabwe,ZW,ZWE,716,-20,30,6,,,,
,,,,,,,,,,
,,,,,,,,,,
,,,,,,,,,,
,,,,,,,,,,
,,,,,,,,,,
,,,,,,,,,,
,,,,,,,,,,
,,,,,,,,,,
,,,,,,,,,,
,,,,,,,,,,
,,,,,,,,,,
,,,,,,,,,,
,,,,,,,,,,
,,,,,,,,,,
,,,,,,,,,,
,,,,,,,,,,
,,,,,,,,,,
,,,,,,,,,,
,,,,,,,,,,
,,,,,,,,,,
,,,,,,,,,,
,,,,,,,,,,
,,,,,,,,,,
,,,,,,,,,,
,,,,,,,,,,
,,,,,,,,,,
,,,,,,,,,,
,,,,,,,,,,
,,,,,,,,,,
,,,,,,,,,,
,,,,,,,,,,
,,,,,,,,,,
,,,,,,,,,,
,,,,,,,,,,
,,,,,,,,,,
,,,,,,,,,,
,,,,,,,,,,
,,,,,,,,,,
,,,,,,,,,,
,,,,,,,,,,
,,,,,,,,,,
,,,,,,,,,,
,,,,,,,,,,
,,,,,,,,,,
,,,,,,,,,,
,,,,,,,,,,
,,,,,,,,,,
,,,,,,,,,,
,,,,,,,,,,
,,,,,,,,,,
,,,,,,,,,,
,,,,,,,,,,
,,,,,,,,,,
,,,,,,,,,,
,,,,,,,,,,
Bosnia and Herzegovina,,,,43.8486,18.3564,,,,,